train_loss_values,validation_loss_values
0.1786565593564139,0.0604280910281225
0.007893602463843977,0.07033819156748161
