validation_accuracy,validation_f1_weighted,validation_f1_macro
0.9892934828667477,0.6490384615384616,0.6490384615384616
0.9907907003022685,0.7291139240506329,0.7291139240506329
