train_loss_values,validation_loss_values
0.3241730499465338,0.8992725167084824
0.05155321260845199,0.1956213946157897
0.04267388447981332,0.046085819198527715
