train_loss_values,validation_loss_values
0.3214651097452199,1.2471278804269703
