validation_accuracy,validation_f1_weighted,validation_f1_macro
0.9915689752921597,0.5304136253041363,0.5304136253041363
