Model,CV Accuracy,CV F1 Score
Gradient Boosting,0.6638518518518519,0.6640237864666105
Logistic Regression,0.6565925925925926,0.6561267136399258
SVM,0.6388148148148148,0.6398307566475671
Random Forest,0.5426666666666666,0.5433989655993807
