train_loss_values,validation_loss_values
0.15301792877729162,0.009095960368127138
0.03215079041446255,0.0069275274528825485
