validation_accuracy,validation_f1_weighted,validation_f1_macro
0.9971801671758032,0.5,0.5
0.9973144449293363,0.5210084033613446,0.5210084033613446
