train_loss_values,validation_loss_values
0.3301606848489994,1.1344893998043104
