validation_accuracy,validation_f1_weighted,validation_f1_macro
0.99129464693941,0.5419664268585132,0.5419664268585132
