train_loss_values,validation_loss_values
0.2646430728034704,1.1457705626433545
0.032796702571511606,0.49768479405479
0.02321223984874576,0.06672557372472841
