train_loss_values,validation_loss_values
0.34920361833873637,0.07128187363349009
0.05113450055095995,0.06336832255198549
0.05185466153296336,0.07011333858427159
0.01910326926092579,0.06874982736167112
