train_loss_values,validation_loss_values
0.3782251092468743,1.4473857068541376
0.0729048774815084,0.5872074292803352
0.05160513527839355,0.06264375915634446
