train_loss_values,validation_loss_values
0.23684209840488987,1.0267493966966867
0.024706124367225153,0.5370631760663607
0.020424698608335835,0.04447719334910454
