train_loss_values,validation_loss_values
0.3174831830959038,1.1563600215383552
0.06436444918031814,0.22822706994007935
