validation_accuracy,validation_f1_weighted,validation_f1_macro
0.9914775325079098,0.5314009661835748,0.5314009661835748
0.9910751842572103,0.5652173913043478,0.5652173913043478
