train_loss_values,validation_loss_values
0.24574564225201453,1.0353103587403893
