validation_accuracy,validation_f1_weighted,validation_f1_macro
0.9916898910564986,0.6403712296983758,0.6403712296983758
