train_loss_values,validation_loss_values
0.19218243530326762,0.05804023605742259
0.0069045350331998065,0.07426783854448744
