validation_accuracy,validation_f1_weighted,validation_f1_macro
0.9897204179610279,0.7352941176470589,0.7352941176470589
0.991160689070884,0.795969773299748,0.795969773299748
