train_loss_values,validation_loss_values
0.3202603590320876,0.9245620901611719
