validation_accuracy,validation_f1_weighted,validation_f1_macro
0.9906911245633607,0.5441176470588236,0.5441176470588236
