validation_accuracy,validation_f1_weighted,validation_f1_macro
0.9912242339426806,0,0
0.9912533893116418,0,0
0.0,0,0
0.0,0,0
0.0,0,0
0.0,0,0
