train_loss_values,validation_loss_values
0.056245166793038176,0.0014404654214724194
0.001208119411401307,0.0012492582994706356
0.001070572101676355,0.0014366537853205004
0.00041149997053147264,0.0013670714766882822
