train_loss_values,validation_loss_values
0.2186094316856554,0.04679399567621704
0.029955430809193436,0.04961058797768724
0.013527856138718479,0.046692529475442474
