validation_accuracy,validation_f1
0.9865987979179248,0.6958424507658643
0.9894458344117563,0.7902439024390244
0.9893308026342277,0.7731481481481481
