train_loss_values,validation_loss_values
0.31175492997964005,1.3013086439195005
