validation_accuracy,validation_f1_weighted,validation_f1_macro
0.9924834031346587,0.7067307692307694,0.7067307692307694
