train_loss_values,validation_loss_values
0.2678765359191142,1.842998880892992
0.033777713856127906,1.1543187785216353
0.024578041098675098,0.13954024722757327
