train_loss_values,validation_loss_values
0.3282910789866088,1.0953691180118106
0.06971835456928568,0.22607831631533123
0.05498747256226708,0.04382850692358757
