train_loss_values,validation_loss_values
0.3330124704510086,0.4885598495602608
0.05742668157548013,0.07741681653582914
0.04243105053495774,0.039471596959629096
0.023377426874652447,0.03670623916067681
