train_loss_values,validation_loss_values
0.3051670202501257,0.7162123755128547
