validation_accuracy,validation_f1_weighted,validation_f1_macro
0.9909471643592604,0.5437352245862884,0.5437352245862884
