train_loss_values,validation_loss_values
0.13099764262640295,0.006078579196500042
0.013333969581941312,0.0037660534514791584
