validation_accuracy,validation_f1_weighted,validation_f1_macro
0.9993277499229714,0.9344262295081968,0.9344262295081968
0.9992717290832189,0.9193548387096774,0.9193548387096774
