train_loss_values,validation_loss_values
0.3437329259140596,0.7285734555599365
0.060812169229359156,0.1421623473923484
