validation_accuracy,validation_f1_weighted,validation_f1_macro
0.9904899504380109,0.5231481481481483,0.5231481481481483
0.9909837414729604,0.5904761904761905,0.5904761904761905
