train_loss_values,validation_loss_values
0.2647039796847249,1.4633784922347828
