validation_accuracy,validation_f1_weighted,validation_f1_macro
0.99250063339245,0.6621004566210046,0.6621004566210046
