train_loss_values,validation_loss_values
0.21860229771315381,0.07812497489662333
0.014868675472196788,0.04503078932678115
0.014626746797551637,0.03661591833075694
0.003608492248900493,0.038541791727601034
