train_loss_values,validation_loss_values
0.18365196097697692,0.061202339034438905
0.007191695949855418,0.06856816028593213
