validation_accuracy,validation_f1_weighted,validation_f1_macro
0.9911286904930074,0.7642679900744416,0.7642679900744416
0.9908461647125301,0.7839195979899498,0.7839195979899498
