train_loss_values,validation_loss_values
0.31284841583457557,0.0451035092830187
0.03437836919495898,0.037378164598025745
