validation_accuracy,validation_f1
0.9875901085865498,0.6713286713286714
0.9907838306414819,0.7083333333333334
