train_loss_values,validation_loss_values
0.2510583352537514,2.6154083741659466
