validation_accuracy,validation_f1_weighted,validation_f1_macro
0.9918081243138248,0.621276595744681,0.621276595744681
