train_loss_values,validation_loss_values
0.3196751515817779,0.5940951523794369
