validation_accuracy,validation_f1_weighted,validation_f1_macro
0.9923553832367088,0.6930232558139534,0.6930232558139534
