train_loss_values,validation_loss_values
0.3936777331383274,1.4742932697250084
0.07695627745252641,0.4841916282153265
0.05662110105735131,0.05878572388742627
