train_loss_values,validation_loss_values
0.40095329160949233,1.9855199412188747
