validation_accuracy,validation_f1_weighted,validation_f1_macro
0.9910568957003603,0.4919540229885058,0.4919540229885058
