train_loss_values,validation_loss_values
0.3269381652725824,0.923595058647069
