validation_accuracy,validation_f1_weighted,validation_f1_macro
0.9928674628285082,0.6838407494145199,0.6838407494145199
